{"accuracy": [0.4031575322151184, 0.5258625149726868, 0.5776724815368652, 0.4473024904727936, 0.43990248441696167, 0.5011600255966187, 0.5017725229263306, 0.5622400045394897, 0.5103775262832642, 0.5446175336837769, 0.509447455406189, 0.621727466583252, 0.6547600030899048, 0.6695024371147156, 0.6646825075149536, 0.7053399682044983, 0.7270699739456177, 0.6922999620437622, 0.7085924744606018, 0.7441700100898743, 0.7289174795150757, 0.6943475008010864, 0.7340275049209595, 0.7230450510978699, 0.7335624694824219, 0.7371700406074524, 0.7382775545120239, 0.7516674995422363, 0.753320038318634, 0.7353900074958801, 0.7580899596214294, 0.7410599589347839, 0.740552544593811, 0.7520174980163574, 0.7375674843788147, 0.7476224899291992, 0.7577725052833557, 0.7531050443649292, 0.7514874935150146, 0.7474349737167358, 0.7637850046157837, 0.7559324502944946, 0.7552100419998169, 0.7555649876594543, 0.7622325420379639, 0.7536524534225464, 0.7604475021362305, 0.7329524755477905, 0.7260074615478516, 0.7466074824333191, 0.7480475306510925, 0.7245975136756897, 0.7553699612617493, 0.7650524377822876, 0.7543724775314331, 0.7648699879646301, 0.756647527217865, 0.72850501537323, 0.7673075199127197, 0.7506300210952759, 0.7630049586296082, 0.7678850293159485, 0.7585700154304504, 0.7493499517440796, 0.761620044708252, 0.7664750218391418, 0.7389499545097351, 0.760409951210022, 0.7594524621963501, 0.7441600561141968, 0.7647849917411804, 0.7493799924850464, 0.7654849886894226, 0.7561324834823608, 0.7706624865531921, 0.7771124839782715, 0.7609900236129761, 0.7646425366401672, 0.7020899653434753, 0.7982600331306458, 0.7632399797439575, 0.7623274922370911, 0.7314199805259705, 0.7602874636650085, 0.7450574636459351, 0.7663699388504028, 0.7498749494552612, 0.7498449683189392, 0.7577874660491943, 0.7629349827766418, 0.7672349810600281, 0.7675150632858276, 0.7609025239944458, 0.7626299858093262, 0.760860025882721, 0.7646275162696838, 0.7591800093650818, 0.7686299681663513, 0.7699275016784668, 0.7641949653625488], "loss": [7.586977481842041, 6.930275917053223, 6.849091529846191, 6.243869781494141, 6.337259292602539, 7.650876045227051, 6.06107234954834, 5.764117240905762, 5.701788902282715, 5.746823310852051, 5.567440032958984, 5.249461650848389, 5.223084926605225, 5.152262210845947, 5.048667907714844, 4.929652690887451, 4.869807243347168, 4.878720760345459, 4.7607855796813965, 4.672130584716797, 4.667901039123535, 4.688979148864746, 4.583329200744629, 4.583560943603516, 4.5490522384643555, 4.52022123336792, 4.458273410797119, 4.453387260437012, 4.4356560707092285, 4.433091163635254, 4.425877571105957, 4.553648948669434, 4.488520622253418, 4.461801528930664, 4.4622416496276855, 4.418395042419434, 4.411291122436523, 4.400473117828369, 4.416407585144043, 4.386416435241699, 4.368788242340088, 4.410398960113525, 4.3806962966918945, 4.338584899902344, 4.403011322021484, 4.365782260894775, 4.351498603820801, 4.776947021484375, 4.757401466369629, 4.549029350280762, 4.583570957183838, 4.488147735595703, 4.438483238220215, 4.397915840148926, 4.395943641662598, 4.346331596374512, 4.383159637451172, 4.40911340713501, 4.380608558654785, 4.3767523765563965, 4.348790168762207, 4.303715705871582, 4.296177864074707, 4.321988105773926, 4.313595771789551, 4.321666717529297, 4.348168849945068, 4.336516857147217, 4.3050103187561035, 4.432535648345947, 4.50339412689209, 4.320082664489746, 4.338261604309082, 4.303927421569824, 4.2944183349609375, 4.272862434387207, 4.254215717315674, 4.2675065994262695, 4.655859470367432, 4.584837436676025, 4.471144676208496, 4.47069787979126, 4.399326801300049, 4.365775108337402, 4.338322639465332, 4.295183181762695, 4.289493083953857, 4.355167388916016, 4.349056243896484, 4.319088935852051, 4.29280948638916, 4.2604546546936035, 4.258203983306885, 4.222837448120117, 4.226845741271973, 4.218581676483154, 4.244332313537598, 4.229264259338379, 4.203159332275391, 4.210574150085449], "precision": [0.07075110077857971, 0.10598680377006531, 0.11199141293764114, 0.09602916985750198, 0.09478142112493515, 0.0984184518456459, 0.10284672677516937, 0.1135958880186081, 0.10593604296445847, 0.10800609737634659, 0.10540253669023514, 0.13018636405467987, 0.1339377760887146, 0.14097049832344055, 0.13900145888328552, 0.15416981279850006, 0.16262203454971313, 0.15042094886302948, 0.15658873319625854, 0.17156720161437988, 0.16633599996566772, 0.15271730720996857, 0.168950617313385, 0.1646532565355301, 0.1698499470949173, 0.1714223474264145, 0.17240320146083832, 0.17823971807956696, 0.17953254282474518, 0.1715761125087738, 0.18219922482967377, 0.1718643456697464, 0.17230913043022156, 0.17897707223892212, 0.1720345914363861, 0.17729300260543823, 0.18190428614616394, 0.17959769070148468, 0.1791941374540329, 0.17729514837265015, 0.18581455945968628, 0.1813536286354065, 0.1812100112438202, 0.18199998140335083, 0.18462924659252167, 0.18033850193023682, 0.1842925101518631, 0.1649446338415146, 0.1618070751428604, 0.1754729002714157, 0.17583702504634857, 0.16621384024620056, 0.17967474460601807, 0.1864306926727295, 0.1812688112258911, 0.18700134754180908, 0.1819445639848709, 0.1688438355922699, 0.18727357685565948, 0.17911404371261597, 0.18503396213054657, 0.18889477849006653, 0.18389718234539032, 0.1797211468219757, 0.18561014533042908, 0.18762822449207306, 0.17445188760757446, 0.18463259935379028, 0.18421465158462524, 0.17498120665550232, 0.18402275443077087, 0.17940667271614075, 0.1873054951429367, 0.18275359272956848, 0.1899903416633606, 0.19424937665462494, 0.18527236580848694, 0.18743346631526947, 0.15542387962341309, 0.20225775241851807, 0.18414101004600525, 0.18397103250026703, 0.17032063007354736, 0.1841617226600647, 0.1769850105047226, 0.18812182545661926, 0.17980128526687622, 0.17890560626983643, 0.18299905955791473, 0.18617185950279236, 0.18864405155181885, 0.18890634179115295, 0.1856061965227127, 0.18659032881259918, 0.1857927292585373, 0.18773925304412842, 0.18455033004283905, 0.18974386155605316, 0.1907472014427185, 0.1877337098121643],