{"accuracy": [0.4784975051879883, 0.6958900094032288, 0.7312899827957153, 0.7755175232887268, 0.8045399785041809, 0.7985650300979614, 0.7818700075149536, 0.8048375248908997, 0.79694002866745, 0.8436975479125977, 0.8286725282669067, 0.8251674771308899, 0.8346325159072876, 0.8171199560165405, 0.8400375247001648, 0.844165027141571, 0.8363023996353149, 0.8572275042533875, 0.8487874865531921, 0.853274941444397, 0.8606374859809875, 0.8559575080871582, 0.8561975359916687, 0.8584524989128113, 0.8590624928474426, 0.8586025238037109, 0.8586674928665161, 0.8639624714851379, 0.8585300445556641, 0.865839958190918, 0.858549952507019, 0.8664050102233887, 0.8643125295639038, 0.8666950464248657, 0.8676349520683289, 0.8591449856758118, 0.8586674928665161, 0.8526424169540405, 0.8457099795341492, 0.8686324954032898, 0.8617849349975586, 0.8534876108169556, 0.8735500574111938, 0.8680400848388672, 0.8666200637817383, 0.8537899255752563, 0.8547974824905396, 0.8586176037788391, 0.8662500381469727, 0.8687174916267395, 0.8681100010871887, 0.8480825424194336, 0.8539800643920898, 0.8633575439453125, 0.867477536201477, 0.8684924840927124, 0.8668000102043152, 0.8663250207901001, 0.8650625348091125, 0.8668974041938782, 0.870479941368103, 0.8681348562240601, 0.870882511138916, 0.8679825067520142, 0.8765276074409485, 0.870747447013855, 0.8740074038505554, 0.8738849759101868, 0.8760350346565247, 0.85850989818573, 0.8715874552726746, 0.8638175129890442, 0.8754574060440063, 0.8628399968147278, 0.8674548864364624, 0.8721175193786621, 0.8731624484062195, 0.8746950030326843, 0.8737074732780457, 0.8708100318908691, 0.8745099902153015, 0.871630072593689, 0.8713399767875671, 0.876347541809082, 0.8773475885391235, 0.8715100288391113, 0.8671075701713562, 0.8765524625778198, 0.8666524887084961, 0.8666324615478516, 0.8728200793266296, 0.867169976234436, 0.8786800503730774, 0.8727700114250183, 0.8762624859809875, 0.8809224963188171, 0.8703024983406067, 0.88104248046875, 0.8669649958610535, 0.8636400103569031], "loss": [7.654065132141113, 6.7718658447265625, 5.587445259094238, 4.591556549072266, 4.014268398284912, 3.768897294998169, 3.8065807819366455, 3.5390639305114746, 3.4629111289978027, 3.3172144889831543, 3.360576629638672, 3.450331926345825, 3.295236110687256, 3.221475601196289, 3.1406407356262207, 3.091282844543457, 3.0466346740722656, 2.9971957206726074, 2.995312213897705, 2.9671645164489746, 2.948960065841675, 2.952479600906372, 2.927666187286377, 2.909546375274658, 2.9100894927978516, 2.910968542098999, 2.879112958908081, 2.862478256225586, 2.8755900859832764, 2.8371975421905518, 2.8756892681121826, 2.8447647094726562, 2.825857639312744, 2.8182387351989746, 2.8441390991210938, 2.8923251628875732, 2.9526026248931885, 2.9738380908966064, 2.906379222869873, 2.8617050647735596, 2.877119541168213, 2.8504254817962646, 2.8051390647888184, 2.7942206859588623, 2.864920139312744, 2.9716341495513916, 2.9176735877990723, 2.8608455657958984, 2.7833571434020996, 2.7744667530059814, 2.8539164066314697, 3.0289196968078613, 2.872884511947632, 2.8707008361816406, 2.8097050189971924, 2.7991881370544434, 2.7870965003967285, 2.8110225200653076, 2.772613286972046, 2.772817850112915, 2.773343801498413, 2.7385573387145996, 2.7262158393859863, 2.7175207138061523, 2.7014005184173584, 2.688843011856079, 2.6577959060668945, 2.6513893604278564, 2.6703715324401855, 2.8434815406799316, 2.8087892532348633, 2.7706730365753174, 2.78713321685791, 2.825068235397339, 2.748824119567871, 2.7281641960144043, 2.6961002349853516, 2.642699956893921, 2.682417631149292, 2.6699728965759277, 2.6973140239715576, 2.667753219604492, 2.666557788848877, 2.6584980487823486, 2.6353821754455566, 2.6104576587677, 2.677863597869873, 2.7579240798950195, 2.7826058864593506, 2.779324531555176, 2.740713119506836, 2.669126033782959, 2.6483089923858643, 2.6399688720703125, 2.6105949878692627, 2.6209864616394043, 2.619462728500366, 2.637085437774658, 2.6512396335601807, 2.8849778175354004], "precision": [0.10678638517856598, 0.1678982675075531, 0.1812996119260788, 0.20564764738082886, 0.23265379667282104, 0.2287856787443161, 0.21760793030261993, 0.2363676130771637, 0.2305014580488205, 0.2782573699951172, 0.25949591398239136, 0.2559340000152588, 0.26685863733291626, 0.24995064735412598, 0.27416250109672546, 0.2798706889152527, 0.27062973380088806, 0.2975700795650482, 0.28611230850219727, 0.29243364930152893, 0.3027147054672241, 0.29600751399993896, 0.29658788442611694, 0.29954326152801514, 0.30034637451171875, 0.29996955394744873, 0.30051904916763306, 0.3081401288509369, 0.2998694181442261, 0.3114790916442871, 0.29957452416419983, 0.31230929493904114, 0.3090887665748596, 0.31284797191619873, 0.3137926757335663, 0.3009089231491089, 0.2999923825263977, 0.2910260260105133, 0.28304028511047363, 0.31544649600982666, 0.30486246943473816, 0.2939660847187042, 0.32389941811561584, 0.3151193857192993, 0.31211787462234497, 0.29311686754226685, 0.2947785258293152, 0.30056414008140564, 0.312711238861084, 0.31619200110435486, 0.31433162093162537, 0.28505977988243103, 0.2946278154850006, 0.30700406432151794, 0.3145964741706848, 0.31563469767570496, 0.3134365677833557, 0.31252390146255493, 0.31097736954689026, 0.31364235281944275, 0.31919604539871216, 0.3162241280078888, 0.3206723630428314, 0.31616830825805664, 0.3301410675048828, 0.3206758499145508, 0.3264823257923126, 0.32629695534706116, 0.32950711250305176, 0.30114486813545227, 0.3210044205188751, 0.3093493580818176, 0.32709524035453796, 0.307369589805603, 0.31501471996307373, 0.3227001428604126, 0.3246508836746216, 0.32777145504951477, 0.32542312145233154, 0.320831835269928, 0.326621413230896, 0.322367787361145, 0.3217679560184479, 0.3301081657409668, 0.33191174268722534, 0.32269468903541565, 0.3150276243686676, 0.32913896441459656, 0.3134633004665375, 0.31352853775024414, 0.32363736629486084, 0.31552907824516296, 0.3341376483440399, 0.3241965174674988, 0.3304939270019531, 0.33838874101638794, 0.320890337228775, 0.3386487662792206, 0.31471866369247437, 0.3073761463165283],