{"accuracy": [0.41305750608444214, 0.5079399943351746, 0.7734225392341614, 0.5935200452804565, 0.6611699461936951, 0.6505450010299683, 0.6191425323486328, 0.6717249751091003, 0.7899049520492554, 0.7154824733734131, 0.7519174814224243, 0.7988899946212769, 0.7767000198364258, 0.8068175315856934, 0.7874525189399719, 0.8075949549674988, 0.7992249727249146, 0.8146650195121765, 0.8180074691772461, 0.7308775186538696, 0.8360474705696106, 0.7528474926948547, 0.7273699641227722, 0.780940055847168, 0.7880399823188782, 0.7899824976921082, 0.8136699795722961, 0.8136650323867798, 0.81586754322052, 0.8233949542045593, 0.8415449857711792, 0.8356900215148926, 0.8457775115966797, 0.8519124984741211, 0.8414174914360046, 0.8311024904251099, 0.8270025253295898, 0.8546649813652039, 0.8349499702453613, 0.8592249751091003, 0.848965048789978, 0.862125039100647, 0.8624249696731567, 0.8598874807357788, 0.8582324981689453, 0.8412374258041382, 0.856784999370575, 0.8585724830627441, 0.8558899760246277, 0.8584524393081665, 0.8450824618339539, 0.8531424403190613, 0.8511074185371399, 0.8639300465583801, 0.8635050058364868, 0.8642800450325012, 0.8642299771308899, 0.8503800630569458, 0.865744948387146, 0.8616674542427063, 0.8614475131034851, 0.8691550493240356, 0.8519399762153625, 0.8682500123977661, 0.855614960193634, 0.8690750002861023, 0.8666675686836243, 0.8530324697494507, 0.8608875274658203, 0.8504425287246704, 0.8563474416732788, 0.861519992351532, 0.8649024963378906, 0.8568699955940247, 0.8680025339126587, 0.8416425585746765, 0.858162522315979, 0.8571025133132935, 0.8744800686836243, 0.8603500127792358, 0.8602975010871887, 0.8612450361251831, 0.855927586555481, 0.8676875233650208, 0.86353999376297, 0.8672724962234497, 0.8719325065612793, 0.8651949763298035, 0.8720976114273071, 0.8700024485588074, 0.8689900636672974, 0.8655300140380859, 0.8115500211715698, 0.8189750909805298, 0.8527549505233765, 0.817234992980957, 0.8296600580215454, 0.8235175013542175, 0.8499150276184082, 0.8465399742126465], "loss": [7.647090911865234, 6.813673496246338, 7.0667314529418945, 6.244911193847656, 6.354689598083496, 6.179415702819824, 5.577071189880371, 4.977316856384277, 4.571147441864014, 4.302239418029785, 4.100837230682373, 3.944246768951416, 3.8357043266296387, 3.7631943225860596, 3.706418514251709, 3.6446423530578613, 3.5742850303649902, 3.4227986335754395, 3.749652147293091, 4.329246520996094, 4.140285015106201, 3.9634761810302734, 3.9180197715759277, 3.776500701904297, 3.629642963409424, 3.600348949432373, 3.5509982109069824, 3.49122953414917, 3.408384323120117, 3.288456678390503, 3.184243679046631, 3.1440160274505615, 3.0863683223724365, 3.037799596786499, 3.141998291015625, 3.314831495285034, 3.160813808441162, 3.0880088806152344, 3.037830352783203, 2.995389461517334, 2.9871459007263184, 2.935598850250244, 2.926362991333008, 2.9300923347473145, 3.0101099014282227, 2.9842450618743896, 2.981846809387207, 2.9708549976348877, 2.9501609802246094, 2.9715001583099365, 3.0117599964141846, 2.9660096168518066, 2.931497573852539, 2.8917598724365234, 2.8708677291870117, 2.881474256515503, 2.9197895526885986, 2.9073565006256104, 2.905644655227661, 2.9117462635040283, 2.8590493202209473, 2.8702778816223145, 2.899524688720703, 2.8672752380371094, 2.864776611328125, 2.8210580348968506, 2.8709328174591064, 2.9449379444122314, 2.9400646686553955, 2.9774398803710938, 2.9488894939422607, 2.8939802646636963, 2.907712936401367, 2.9086971282958984, 2.9006924629211426, 2.950615882873535, 2.903989315032959, 2.8651175498962402, 2.818011999130249, 2.8756520748138428, 2.9005227088928223, 2.8855862617492676, 2.8532302379608154, 2.803159236907959, 2.814293622970581, 2.7781898975372314, 2.762019157409668, 2.7600042819976807, 2.733247756958008, 2.727050304412842, 2.7129321098327637, 2.9469799995422363, 3.6130385398864746, 3.4251952171325684, 3.3579185009002686, 3.4180171489715576, 3.250110626220703, 3.1113197803497314, 3.0641703605651855, 2.9672508239746094], "precision": [0.07585573941469193, 0.11269066482782364, 0.18270272016525269, 0.13319148123264313, 0.15546299517154694, 0.15150043368339539, 0.14079849421977997, 0.1584589183330536, 0.21133925020694733, 0.17781874537467957, 0.197554811835289, 0.22843395173549652, 0.212605819106102, 0.23416833579540253, 0.22088350355625153, 0.23687222599983215, 0.2311978042125702, 0.24576841294765472, 0.24403728544712067, 0.18570755422115326, 0.2601301074028015, 0.1991443932056427, 0.18491800129413605, 0.21569286286830902, 0.22250081598758698, 0.22385446727275848, 0.2428777664899826, 0.2436448335647583, 0.24700888991355896, 0.2552125155925751, 0.2753843665122986, 0.2691858410835266, 0.2818560302257538, 0.2898693084716797, 0.27520424127578735, 0.26265397667884827, 0.2604173421859741, 0.2924995422363281, 0.26959776878356934, 0.3005290925502777, 0.2861510217189789, 0.30460551381111145, 0.30552998185157776, 0.3013802170753479, 0.2983659505844116, 0.27695998549461365, 0.29618868231773376, 0.2994559407234192, 0.296279639005661, 0.2987927496433258, 0.2809632122516632, 0.29183229804039, 0.28973066806793213, 0.30793747305870056, 0.3075311481952667, 0.30833104252815247, 0.3077215850353241, 0.28886139392852783, 0.3105356991291046, 0.30398571491241455, 0.3050403892993927, 0.31554925441741943, 0.29123690724372864, 0.31493934988975525, 0.2964722216129303, 0.316354900598526, 0.31192708015441895, 0.29225316643714905, 0.30343252420425415, 0.28831228613853455, 0.2963976263999939, 0.30460235476493835, 0.3083932101726532, 0.29733026027679443, 0.3141557276248932, 0.27778035402297974, 0.2992455065250397, 0.29860642552375793, 0.32537469267845154, 0.3027791678905487, 0.3021920323371887, 0.3037482500076294, 0.29732248187065125, 0.31446465849876404, 0.30828091502189636, 0.31419607996940613, 0.3218258023262024, 0.31130117177963257, 0.3221971392631531, 0.318897008895874, 0.3175087571144104, 0.31010812520980835, 0.2412528097629547, 0.2495269775390625, 0.28617411851882935, 0.2479056417942047, 0.2611272931098938, 0.2572183609008789, 0.28681886196136475, 0.28387871384620667],