{"accuracy": [0.37003248929977417, 0.622635006904602, 0.5630725026130676, 0.6028650403022766, 0.6108924746513367, 0.6403025388717651, 0.689560055732727, 0.7206224799156189, 0.6862074732780457, 0.7493199706077576, 0.5799625515937805, 0.6565024256706238, 0.7220324873924255, 0.7008025050163269, 0.7043725252151489, 0.7274074554443359, 0.7166749835014343, 0.723967432975769, 0.718459963798523, 0.7135424613952637, 0.7211049795150757, 0.7341600060462952, 0.7237250208854675, 0.7295850515365601, 0.7297375202178955, 0.7450425028800964, 0.7450799942016602, 0.7426050305366516, 0.725207507610321, 0.7549049854278564, 0.7300249934196472, 0.7384675145149231, 0.7407175302505493, 0.7315600514411926, 0.7302800416946411, 0.7436124682426453, 0.7480899691581726, 0.7582975029945374, 0.7192825078964233, 0.7032025456428528, 0.7254675030708313, 0.7325624823570251, 0.7579050064086914, 0.7245124578475952, 0.7217174768447876, 0.7174574732780457, 0.7334274649620056, 0.7332900166511536, 0.725225031375885, 0.7220900058746338, 0.7381324768066406, 0.7370474934577942, 0.7307525277137756, 0.7412199974060059, 0.7472275495529175, 0.7424525022506714, 0.7465599775314331, 0.7552624940872192, 0.7475774884223938, 0.7399700284004211, 0.7522225379943848, 0.7513175010681152, 0.7518750429153442, 0.7505674958229065, 0.751522421836853, 0.759832501411438, 0.7521674633026123, 0.7450574636459351, 0.7613075375556946, 0.7632724642753601, 0.7479100227355957, 0.7632700204849243, 0.7547274827957153, 0.7467824816703796, 0.7443825006484985, 0.7335574626922607, 0.7594424486160278, 0.7434675097465515, 0.7566825151443481, 0.749489963054657, 0.7586525082588196, 0.737375020980835, 0.7465350031852722, 0.7659649848937988, 0.7651199698448181, 0.7406024932861328, 0.7495750188827515, 0.7541099786758423, 0.7697975039482117, 0.754984974861145, 0.7596349716186523, 0.7499899864196777, 0.7606124877929688, 0.7583074569702148, 0.7612824440002441, 0.7681625485420227, 0.7239525318145752, 0.7634699940681458, 0.7586825489997864, 0.7671700716018677], "loss": [7.569496154785156, 6.373724937438965, 5.398554801940918, 5.3332061767578125, 5.116788387298584, 5.0302839279174805, 4.846286773681641, 4.963831424713135, 5.091895580291748, 5.257261753082275, 5.003770351409912, 4.902836799621582, 4.8266377449035645, 4.729789733886719, 4.655482769012451, 4.608528137207031, 4.543905735015869, 4.539690971374512, 4.516993045806885, 4.526116847991943, 4.502287864685059, 4.471439361572266, 4.499449253082275, 4.459946632385254, 4.434387683868408, 4.4265828132629395, 4.439297676086426, 4.54736852645874, 4.4498419761657715, 4.472015380859375, 4.532778739929199, 4.524773597717285, 4.454835891723633, 4.475632667541504, 4.418791770935059, 4.398367881774902, 4.418039321899414, 4.39705753326416, 4.8618879318237305, 4.90622091293335, 4.62268590927124, 4.528649806976318, 4.630211353302002, 4.58346700668335, 4.574748992919922, 4.5513386726379395, 4.506628036499023, 4.503682613372803, 4.485357761383057, 4.480782508850098, 4.451859474182129, 4.449398040771484, 4.431746482849121, 4.393101692199707, 4.4103803634643555, 4.418400764465332, 4.409102916717529, 4.383744239807129, 4.416990756988525, 4.387146472930908, 4.359034538269043, 4.394593715667725, 4.376438140869141, 4.334418296813965, 4.34834098815918, 4.355381965637207, 4.360073089599609, 4.3445143699646, 4.319726467132568, 4.321511745452881, 4.3116044998168945, 4.311229705810547, 4.350005149841309, 4.438702583312988, 4.447993278503418, 4.414095878601074, 4.414666175842285, 4.3836236000061035, 4.375914096832275, 4.359582901000977, 4.321982383728027, 4.312588691711426, 4.341254234313965, 4.318631649017334, 4.298266410827637, 4.333581447601318, 4.31106424331665, 4.294184684753418, 4.270821571350098, 4.294092655181885, 4.3172831535339355, 4.2907609939575195, 4.24344539642334, 4.242826461791992, 4.291532516479492, 4.262946128845215, 4.330132484436035, 4.307775020599365, 4.289762020111084, 4.260405540466309], "precision": [0.07460612058639526, 0.12234203517436981, 0.11696529388427734, 0.12439914792776108, 0.12682388722896576, 0.13319174945354462, 0.14843110740184784, 0.15919362008571625, 0.14385229349136353, 0.16383600234985352, 0.12134042382240295, 0.1380273997783661, 0.15970104932785034, 0.1542019098997116, 0.1567290872335434, 0.16501852869987488, 0.16171510517597198, 0.16413171589374542, 0.16231444478034973, 0.16079877316951752, 0.16408155858516693, 0.16969415545463562, 0.16572096943855286, 0.1683765947818756, 0.16876421868801117, 0.17520779371261597, 0.1747979372739792, 0.17311355471611023, 0.1665223091840744, 0.17941975593566895, 0.16805636882781982, 0.17091140151023865, 0.17332212626934052, 0.1692914366722107, 0.16921843588352203, 0.17523837089538574, 0.17703001201152802, 0.18216487765312195, 0.1586202085018158, 0.15061241388320923, 0.16594794392585754, 0.1691897064447403, 0.17751391232013702, 0.16387736797332764, 0.16385909914970398, 0.16254211962223053, 0.16900217533111572, 0.16845199465751648, 0.16643846035003662, 0.1651933640241623, 0.17227467894554138, 0.17191550135612488, 0.16942323744297028, 0.17420366406440735, 0.17684371769428253, 0.1742507666349411, 0.17608903348445892, 0.18074361979961395, 0.17689941823482513, 0.1736813485622406, 0.17950548231601715, 0.1786283552646637, 0.179244726896286, 0.1795465648174286, 0.1793294996023178, 0.1835760623216629, 0.179901584982872, 0.176627516746521, 0.18447788059711456, 0.18604445457458496, 0.178656205534935, 0.185670405626297, 0.18063636124134064, 0.176279217004776, 0.1743883490562439, 0.1714070588350296, 0.18114936351776123, 0.17624187469482422, 0.18198303878307343, 0.1783681958913803, 0.18298731744289398, 0.1737586110830307, 0.1776490956544876, 0.18656843900680542, 0.18717896938323975, 0.17529192566871643, 0.17955613136291504, 0.18160657584667206, 0.19100402295589447, 0.1823674738407135, 0.1839187741279602, 0.1799887716770172, 0.18612509965896606, 0.18479499220848083, 0.1843729168176651, 0.19013819098472595, 0.16787399351596832, 0.1867343783378601, 0.1840183138847351, 0.18936879932880402], "recall": [0.8457314372062683, 0.870823323726654, 0.9745279550552368, 0.9456342458724976, 0.9472817182540894, 0.9218941330909729, 0.8962108492851257, 0.868964672088623, 0.8688378930091858, 0.7884932160377502, 0.9769357442855835, 0.9159379601478577, 0.8674439191818237, 0.904236912727356, 0.9120516777038574, 0.8881848454475403, 0.9052507281303406, 0.8952815532684326, 0.9029695987701416, 0.9102352857589722, 0.9066869616508484, 0.8969712257385254, 0.9092637300491333, 0.906095564365387, 0.9085878133773804, 0.8922401070594788, 0.8888607025146484, 0.8868330717086792, 0.909601628780365, 0.8790605068206787, 0.9016178846359253, 0.8878468871116638, 0.8969289660453796, 0.9049972295761108, 0.9099395871162415, 0.8989988565444946, 0.8924935460090637, 0.8837916851043701, 0.8696405291557312, 0.8653740286827087, 0.9038144946098328, 0.899843692779541, 0.8506315350532532, 0.8909728527069092, 0.9023360013961792, 0.9089257717132568, 0.8946056962013245, 0.890803873538971, 0.9088413119316101, 0.9117560386657715, 0.9001393914222717, 0.9020825624465942, 0.909559428691864, 0.901660144329071, 0.8950281143188477, 0.8964643478393555, 0.892197847366333, 0.8875089883804321, 0.8938453197479248, 0.9031385779380798, 0.892409086227417, 0.8898745179176331, 0.8920288681983948, 0.9005618095397949, 0.8943521976470947, 0.8870865702629089, 0.8957462310791016, 0.9033498167991638, 0.8867063522338867, 0.8888607025146484, 0.906095564365387, 0.8860304951667786, 0.8892409205436707, 0.892662525177002, 0.8888185024261475, 0.9134034514427185, 0.8705698251724243, 0.9076162576675415, 0.8902124762535095, 0.8964220881462097, 0.8883538246154785, 0.9154310822486877, 0.9045748114585876, 0.8793140053749084, 0.8881848454475403, 0.9131500124931335, 0.9053351879119873, 0.8997169733047485, 0.8931272029876709, 0.9014066457748413, 0.8906771540641785, 0.9067714214324951, 0.9028006792068481, 0.9039834141731262, 0.8860304951667786, 0.8950703144073486, 0.9260761141777039, 0.8931272029876709, 0.896126389503479, 0.8943521976470947]}