{"accuracy": [0.3832249641418457, 0.4787050187587738, 0.7638524770736694, 0.643732488155365, 0.6323249936103821, 0.7339099645614624, 0.720127522945404, 0.7660800218582153, 0.7544649839401245, 0.7452699542045593, 0.7624949812889099, 0.7640800476074219, 0.8057974576950073, 0.7987149953842163, 0.7619200348854065, 0.8223899602890015, 0.7905074954032898, 0.8319374918937683, 0.8180350065231323, 0.8233599662780762, 0.8049224615097046, 0.8321525454521179, 0.8378075361251831, 0.8358449935913086, 0.8072125315666199, 0.8502974510192871, 0.8068875074386597, 0.824672520160675, 0.8394824862480164, 0.8422824740409851, 0.843422532081604, 0.8515325784683228, 0.8626999855041504, 0.8574550747871399, 0.8561300039291382, 0.8423999547958374, 0.8492324948310852, 0.8604999780654907, 0.8530099987983704, 0.8706550598144531, 0.8612625002861023, 0.858020007610321, 0.8647199869155884, 0.8716650009155273, 0.8682399988174438, 0.8600000143051147, 0.8658525347709656, 0.8748725056648254, 0.8700650334358215, 0.8665750622749329, 0.86125248670578, 0.874537467956543, 0.8754474520683289, 0.8668624758720398, 0.8771600723266602, 0.8742774128913879, 0.8620649576187134, 0.8719650506973267, 0.8763049840927124, 0.8772700428962708, 0.8742200136184692, 0.8725774884223938, 0.8698549270629883, 0.8713523745536804, 0.8666324615478516, 0.8825324773788452, 0.8773400187492371, 0.88041752576828, 0.877964973449707, 0.8596224784851074, 0.8574224710464478, 0.8597999811172485, 0.8696349859237671, 0.8629699945449829, 0.868429958820343, 0.8749549984931946, 0.8692024350166321, 0.8697924613952637, 0.8789799809455872, 0.8829549551010132, 0.8830374479293823, 0.8814924359321594, 0.8773199319839478, 0.8712024688720703, 0.885004997253418, 0.8854174613952637, 0.8776300549507141, 0.8846099972724915, 0.8846975564956665, 0.885159969329834, 0.8810074925422668, 0.8736499547958374, 0.8731575012207031, 0.8744974136352539, 0.8709375262260437, 0.8806049227714539, 0.8798225522041321, 0.8759900331497192, 0.8812299966812134, 0.8816499710083008], "loss": [0.390904039144516, 0.34740474820137024, 0.33533477783203125, 0.2712431252002716, 0.25489863753318787, 0.22967171669006348, 0.21658262610435486, 0.20773260295391083, 0.20684914290905, 0.19814541935920715, 0.19370703399181366, 0.18760208785533905, 0.18482479453086853, 0.18772897124290466, 0.180207759141922, 0.1743624210357666, 0.16941027343273163, 0.16694313287734985, 0.16469649970531464, 0.16520723700523376, 0.16068434715270996, 0.15866300463676453, 0.15307219326496124, 0.15978975594043732, 0.165567547082901, 0.15788711607456207, 0.16079044342041016, 0.1584363728761673, 0.14906807243824005, 0.1503421664237976, 0.14448413252830505, 0.1430550068616867, 0.1373828947544098, 0.13890185952186584, 0.13903352618217468, 0.14008259773254395, 0.1419302523136139, 0.1367684006690979, 0.1354960948228836, 0.13217003643512726, 0.1329275667667389, 0.13342876732349396, 0.12939386069774628, 0.12813709676265717, 0.12912146747112274, 0.13120195269584656, 0.13135145604610443, 0.12785276770591736, 0.12720051407814026, 0.12556716799736023, 0.12875790894031525, 0.1278703510761261, 0.12698160111904144, 0.12723000347614288, 0.12330839782953262, 0.12454575300216675, 0.12958386540412903, 0.12580685317516327, 0.1246669664978981, 0.1237436905503273, 0.12497899681329727, 0.12600235641002655, 0.12799832224845886, 0.12465836852788925, 0.12377633899450302, 0.12135269492864609, 0.11876418441534042, 0.11843907833099365, 0.12986315786838531, 0.137838214635849, 0.13592593371868134, 0.13324543833732605, 0.12966546416282654, 0.13045890629291534, 0.12546883523464203, 0.12594464421272278, 0.12626850605010986, 0.12307685613632202, 0.12475931644439697, 0.11969341337680817, 0.11907565593719482, 0.11726854741573334, 0.12110637128353119, 0.12243487685918808, 0.12044036388397217, 0.11905821412801743, 0.11758168041706085, 0.11684403568506241, 0.11765886843204498, 0.1166013702750206, 0.1182423084974289, 0.12114270031452179, 0.12736423313617706, 0.12645715475082397, 0.12528054416179657, 0.11937026679515839, 0.11833555996417999, 0.12047064304351807, 0.12042804807424545, 0.11845886707305908], "precision": [0.003623012686148286, 0.005693522747606039, 0.009817834012210369, 0.008254166692495346, 0.008000107482075691, 0.01046589482575655, 0.010336625389754772, 0.011785971000790596, 0.011431161314249039, 0.011260167695581913, 0.011996171437203884, 0.012249513529241085, 0.01418935228139162, 0.013875269331037998, 0.01227127481251955, 0.015737660229206085, 0.013751044869422913, 0.01653267815709114, 0.015589477494359016, 0.015957742929458618, 0.014691206626594067, 0.01663856953382492, 0.01735558547079563, 0.016905460506677628, 0.014788777567446232, 0.01825614459812641, 0.014888052828609943, 0.016034595668315887, 0.01754842698574066, 0.017989814281463623, 0.018284747377038002, 0.01896275207400322, 0.020611749961972237, 0.0199174415320158, 0.019508201628923416, 0.018183235079050064, 0.018710002303123474, 0.020309919491410255, 0.01945473439991474, 0.02188883349299431, 0.02050403505563736, 0.020111173391342163, 0.021104073151946068, 0.0221849512308836, 0.021655956283211708, 0.02044030651450157, 0.021068774163722992, 0.02259180322289467, 0.021935604512691498, 0.021461589261889458, 0.020553387701511383, 0.022551408037543297, 0.02273128740489483, 0.021524548530578613, 0.023211870342493057, 0.02267291583120823, 0.02074010856449604, 0.02212626114487648, 0.022998498752713203, 0.023156259208917618, 0.02255142107605934, 0.02224867045879364, 0.021721141412854195, 0.02224123105406761, 0.021540889516472816, 0.02410990744829178, 0.023359088227152824, 0.024004409089684486, 0.022998638451099396, 0.020151924341917038, 0.01996251568198204, 0.02022727206349373, 0.021685253828763962, 0.020840035751461983, 0.02172214910387993, 0.0226063821464777, 0.021776139736175537, 0.02201641909778118, 0.023322025313973427, 0.02419489435851574, 0.02433069795370102, 0.024118967354297638, 0.02335536852478981, 0.022179601714015007, 0.024575551971793175, 0.024702399969100952, 0.023318028077483177, 0.024734683334827423, 0.024712776765227318, 0.024688735604286194, 0.02390577271580696, 0.02269209921360016, 0.022329779341816902, 0.022618792951107025, 0.02211693301796913, 0.0239049531519413, 0.02375292032957077, 0.023016592487692833, 0.023949511349201202, 0.024012872949242592],