{"accuracy": [0.41357502341270447, 0.6416824460029602, 0.6931225061416626, 0.7381424903869629, 0.7665599584579468, 0.7749300003051758, 0.7606599926948547, 0.7662750482559204, 0.803580105304718, 0.7060400247573853, 0.7785850167274475, 0.8228799700737, 0.7714925408363342, 0.7799625396728516, 0.8136049509048462, 0.8137000203132629, 0.8287299871444702, 0.8188850283622742, 0.8595374822616577, 0.8464725613594055, 0.8468424677848816, 0.798935055732727, 0.8568000793457031, 0.8592249751091003, 0.8323400616645813, 0.856719970703125, 0.8606849908828735, 0.8546924591064453, 0.8589800000190735, 0.7889975309371948, 0.833945095539093, 0.8475275039672852, 0.8503825068473816, 0.8398100137710571, 0.8689700365066528, 0.8535099029541016, 0.8420025110244751, 0.8448975682258606, 0.858489990234375, 0.8426224589347839, 0.8377450108528137, 0.8734275102615356, 0.8541674613952637, 0.8589924573898315, 0.8601524233818054, 0.8432624936103821, 0.8743025064468384, 0.8645699620246887, 0.8599850535392761, 0.8670075535774231, 0.85395747423172, 0.8799325227737427, 0.8672925233840942, 0.8793025016784668, 0.8674575686454773, 0.8713375329971313, 0.8530949354171753, 0.8686324954032898, 0.8749874234199524, 0.8700774908065796, 0.8698024749755859, 0.8775699734687805, 0.8818175196647644, 0.8727775812149048, 0.873710036277771, 0.8788250088691711, 0.8782199621200562, 0.877877414226532, 0.8742700815200806, 0.8806749582290649, 0.8825750350952148, 0.8760074377059937, 0.8826274871826172, 0.8773325085639954, 0.8707349896430969, 0.8894674181938171, 0.8747450113296509, 0.8817275166511536, 0.868649959564209, 0.8764374852180481, 0.8745750188827515, 0.8885024785995483, 0.8787724375724792, 0.8755500912666321, 0.8774425387382507, 0.868382453918457, 0.894059956073761, 0.8734248876571655, 0.8854575157165527, 0.8849550485610962, 0.8925000429153442, 0.8820699453353882, 0.8836824297904968, 0.8891050219535828, 0.8639750480651855, 0.8809000253677368, 0.8826974630355835, 0.8826425671577454, 0.8879899978637695, 0.8892375230789185], "loss": [0.3898048996925354, 0.3478456139564514, 0.29057908058166504, 0.24322625994682312, 0.2160804569721222, 0.20264773070812225, 0.1980103701353073, 0.18895313143730164, 0.18884024024009705, 0.20512862503528595, 0.19209584593772888, 0.18948426842689514, 0.18063679337501526, 0.17653658986091614, 0.1724797487258911, 0.16424450278282166, 0.1566435694694519, 0.1545144021511078, 0.14997494220733643, 0.14541661739349365, 0.14923551678657532, 0.1569196879863739, 0.1483079046010971, 0.14030885696411133, 0.1419176310300827, 0.13907350599765778, 0.1331249475479126, 0.13509413599967957, 0.14486725628376007, 0.16388890147209167, 0.15528814494609833, 0.14780743420124054, 0.14405551552772522, 0.13829155266284943, 0.1365913599729538, 0.13420699536800385, 0.14557918906211853, 0.1466042697429657, 0.13663244247436523, 0.14406254887580872, 0.1417132169008255, 0.13292428851127625, 0.13310763239860535, 0.13428623974323273, 0.13843457400798798, 0.1351102590560913, 0.1288825273513794, 0.12805874645709991, 0.12745413184165955, 0.12807901203632355, 0.1280118077993393, 0.12489817291498184, 0.12416219711303711, 0.12406320869922638, 0.12377212196588516, 0.1271229088306427, 0.12901034951210022, 0.12871907651424408, 0.12366479635238647, 0.12311871349811554, 0.12364919483661652, 0.12169905751943588, 0.12014360725879669, 0.12066145241260529, 0.1213412880897522, 0.12076717615127563, 0.11984901130199432, 0.1196148544549942, 0.12037672847509384, 0.11995165050029755, 0.11768796294927597, 0.11775647103786469, 0.11825926601886749, 0.11915548145771027, 0.1199207678437233, 0.11828168481588364, 0.11897315829992294, 0.12125639617443085, 0.12232568114995956, 0.12319159507751465, 0.12214799970388412, 0.11831653118133545, 0.11862403154373169, 0.1194193959236145, 0.12268493324518204, 0.12363864481449127, 0.11894313246011734, 0.11829148232936859, 0.11755867302417755, 0.11528676748275757, 0.11451110988855362, 0.11490537226200104, 0.11404790729284286, 0.1171809583902359, 0.12403222173452377, 0.12497417628765106, 0.11839528381824493, 0.11677434295415878, 0.11417543888092041, 0.1124453991651535], "precision": [0.005064386408776045, 0.008159677498042583, 0.008896322920918465, 0.010614868253469467, 0.011944344267249107, 0.01221199706196785, 0.012016103602945805, 0.012363160029053688, 0.013945775106549263, 0.009986359626054764, 0.012878838926553726, 0.0154302092269063, 0.01251553650945425, 0.013122329488396645, 0.015185958705842495, 0.015308955684304237, 0.016519665718078613, 0.015766868367791176, 0.020056206732988358, 0.01845661737024784, 0.01831507682800293, 0.01448600459843874, 0.01949898898601532, 0.0199623741209507, 0.017209533601999283, 0.019702157005667686, 0.02053879201412201, 0.019627036526799202, 0.01967777870595455, 0.013801727443933487, 0.016915511339902878, 0.01867503859102726, 0.018993258476257324, 0.01795351319015026, 0.021470215171575546, 0.019616376608610153, 0.017883524298667908, 0.018165692687034607, 0.020176654681563377, 0.01808817870914936, 0.01767057366669178, 0.02241329289972782, 0.019638502970337868, 0.02016374282538891, 0.020125875249505043, 0.018417302519083023, 0.022510165348649025, 0.020994575694203377, 0.020522061735391617, 0.021477079018950462, 0.01972370035946369, 0.023464050143957138, 0.02162810042500496, 0.02344082109630108, 0.021566130220890045, 0.022093355655670166, 0.01965823397040367, 0.02164800651371479, 0.022761493921279907, 0.02191966585814953, 0.021964188665151596, 0.02330685965716839, 0.02406577207148075, 0.022503219544887543, 0.022610243409872055, 0.02358110249042511, 0.023523984476923943, 0.023421404883265495, 0.022745829075574875, 0.02380172722041607, 0.02423713356256485, 0.023207707330584526, 0.02434663288295269, 0.023395655676722527, 0.022209610790014267, 0.025480376556515694, 0.022904636338353157, 0.02391030453145504, 0.021793391555547714, 0.02298486791551113, 0.022744104266166687, 0.025348292663693428, 0.023609517142176628, 0.022993246093392372, 0.02326415851712227, 0.021732259541749954, 0.02629520557820797, 0.02276325412094593, 0.02485252544283867, 0.02488764561712742, 0.026374224573373795, 0.024313027039170265, 0.02462196722626686, 0.025586916133761406, 0.021128788590431213, 0.023708930239081383, 0.02430143766105175, 0.02429031953215599, 0.02546245977282524, 0.025867188349366188],