{"accuracy": [0.33231499791145325, 0.5700649619102478, 0.5618624687194824, 0.5629550218582153, 0.5601500272750854, 0.656220018863678, 0.692097544670105, 0.6380800008773804, 0.593267560005188, 0.6621925234794617, 0.6867275238037109, 0.6525300145149231, 0.7046624422073364, 0.6539900302886963, 0.6760450005531311, 0.6985825300216675, 0.676110029220581, 0.6758149862289429, 0.688694953918457, 0.6836274862289429, 0.6965650320053101, 0.6984699368476868, 0.687202513217926, 0.7051124572753906, 0.6909850239753723, 0.6999374628067017, 0.7016724348068237, 0.6956124901771545, 0.7089775204658508, 0.7024425268173218, 0.6910425424575806, 0.7020624876022339, 0.6818424463272095, 0.6968350410461426, 0.6786724925041199, 0.693252444267273, 0.6970299482345581, 0.7018274664878845, 0.6922374963760376, 0.7215725183486938, 0.6863549947738647, 0.6877124905586243, 0.678629994392395, 0.6888725161552429, 0.7140499949455261, 0.686549961566925, 0.7027124762535095, 0.7028249502182007, 0.6746424436569214, 0.7131949663162231, 0.6742750406265259, 0.7224174737930298, 0.6872924566268921, 0.7203974723815918, 0.711340069770813, 0.7138875126838684, 0.7115525007247925, 0.7166650295257568, 0.7207475304603577, 0.7155724763870239, 0.7164750099182129, 0.7180599570274353, 0.7257874608039856, 0.6940724849700928, 0.6331925392150879, 0.6850100755691528, 0.6957775354385376, 0.680062472820282, 0.696399986743927, 0.7169049978256226, 0.7084925174713135, 0.6992474794387817, 0.7158299684524536, 0.7082050442695618, 0.718892514705658, 0.7166100740432739, 0.7233899831771851, 0.712149977684021, 0.7250049710273743, 0.7146174907684326, 0.7130249738693237, 0.7394775152206421, 0.7148699760437012, 0.7179449796676636, 0.7285950779914856, 0.7071974873542786, 0.72461998462677, 0.6987050175666809, 0.721982479095459, 0.7240350246429443, 0.7253400087356567, 0.7466949224472046, 0.7167350053787231, 0.7347549796104431, 0.7250474691390991, 0.7172124981880188, 0.710669994354248, 0.7232699990272522, 0.7301825284957886, 0.7306600213050842], "loss": [0.38362130522727966, 0.3161853849887848, 0.27394208312034607, 0.26849961280822754, 0.2650255560874939, 0.2665274739265442, 0.2632652223110199, 0.2598802447319031, 0.25745639204978943, 0.2539457678794861, 0.2506759762763977, 0.2484017312526703, 0.24551346898078918, 0.24374520778656006, 0.24211058020591736, 0.24132898449897766, 0.2413005381822586, 0.24024589359760284, 0.23910319805145264, 0.23958775401115417, 0.23760446906089783, 0.2390071153640747, 0.2391396313905716, 0.23754525184631348, 0.23697595298290253, 0.23835614323616028, 0.2374267578125, 0.23578336834907532, 0.2366708517074585, 0.23659983277320862, 0.24310865998268127, 0.2420361042022705, 0.2405073195695877, 0.24004456400871277, 0.23896920680999756, 0.23755598068237305, 0.23796530067920685, 0.23618583381175995, 0.23838087916374207, 0.24092066287994385, 0.24170561134815216, 0.24547526240348816, 0.23761968314647675, 0.236821249127388, 0.23885950446128845, 0.23627209663391113, 0.23576363921165466, 0.239902526140213, 0.2387101650238037, 0.23886382579803467, 0.23923444747924805, 0.23759150505065918, 0.23583821952342987, 0.23478615283966064, 0.23429712653160095, 0.23236815631389618, 0.23253147304058075, 0.23102155327796936, 0.23072496056556702, 0.23150727152824402, 0.23012419044971466, 0.23076066374778748, 0.2284374237060547, 0.2354876697063446, 0.24917249381542206, 0.2457861453294754, 0.24566230177879333, 0.24183616042137146, 0.23675045371055603, 0.23772954940795898, 0.23532819747924805, 0.23474383354187012, 0.23399829864501953, 0.23206469416618347, 0.23275598883628845, 0.23114833235740662, 0.23086455464363098, 0.23118817806243896, 0.2300998419523239, 0.2309340238571167, 0.23032979667186737, 0.22798149287700653, 0.22967751324176788, 0.2299310863018036, 0.22839394211769104, 0.23157617449760437, 0.23047944903373718, 0.23001675307750702, 0.22999969124794006, 0.23034171760082245, 0.2271718978881836, 0.22782018780708313, 0.2275584638118744, 0.22594662010669708, 0.22487421333789825, 0.22905440628528595, 0.22843246161937714, 0.229313924908638, 0.22908060252666473, 0.22744274139404297], "precision": [0.0035579348914325237, 0.005854110233485699, 0.006075940560549498, 0.006085423287004232, 0.006041254382580519, 0.007226268760859966, 0.007657486945390701, 0.006947495508939028, 0.0064999726600945, 0.007382190320640802, 0.007854918017983437, 0.0074035958386957645, 0.008278911001980305, 0.007462900597602129, 0.007823994383215904, 0.008202188648283482, 0.007855730131268501, 0.007878778502345085, 0.008131766691803932, 0.00805648136883974, 0.008325018920004368, 0.008369130082428455, 0.008140078745782375, 0.008423869498074055, 0.008246876299381256, 0.008352837525308132, 0.008441941812634468, 0.008355274796485901, 0.008543292060494423, 0.008463623002171516, 0.008106175810098648, 0.008330070413649082, 0.007988578639924526, 0.00828408170491457, 0.00794833991676569, 0.008251693099737167, 0.008313539437949657, 0.008487198501825333, 0.008185021579265594, 0.008707897737622261, 0.008102675899863243, 0.007949947379529476, 0.008000493980944157, 0.008183449506759644, 0.008702215738594532, 0.008131046779453754, 0.008504068478941917, 0.008482642471790314, 0.007918164134025574, 0.008676470257341862, 0.007871795445680618, 0.008804469369351864, 0.008267282508313656, 0.008872090838849545, 0.008739366196095943, 0.008714351803064346, 0.008728855289518833, 0.008910908363759518, 0.008979083970189095, 0.008791285566985607, 0.00889639277011156, 0.008868243545293808, 0.009116149507462978, 0.008313529193401337, 0.007155962288379669, 0.007967530749738216, 0.008143149316310883, 0.00798262283205986, 0.008328565396368504, 0.008737643249332905, 0.00866301916539669, 0.00843116082251072, 0.008747730404138565, 0.008646194823086262, 0.00892029982060194, 0.008883404545485973, 0.008976129814982414, 0.008772232569754124, 0.00903728511184454, 0.00883894320577383, 0.00882424134761095, 0.00948846060782671, 0.008855254389345646, 0.00894238892942667, 0.009209685027599335, 0.008691600523889065, 0.009113176725804806, 0.008480856195092201, 0.009027412161231041, 0.009094013832509518, 0.009198909625411034, 0.009679756127297878, 0.009007668122649193, 0.009339241310954094, 0.009206907823681831, 0.009005533531308174, 0.00882035307586193, 0.009025076404213905, 0.00926342885941267, 0.009306821040809155],