{"accuracy": [0.3705649971961975, 0.46764498949050903, 0.5945099592208862, 0.3648200035095215, 0.3757775127887726, 0.3997200131416321, 0.45201000571250916, 0.49786996841430664, 0.47387999296188354, 0.4775799810886383, 0.5209674835205078, 0.5919175148010254, 0.623960018157959, 0.6099249720573425, 0.6063774824142456, 0.6652224659919739, 0.6875249743461609, 0.6443774700164795, 0.6517050266265869, 0.701847493648529, 0.6723649501800537, 0.6958724856376648, 0.7217650413513184, 0.7029250264167786, 0.6914249658584595, 0.6862924695014954, 0.7133750319480896, 0.7114099860191345, 0.71503746509552, 0.6988974809646606, 0.6885499954223633, 0.7243825197219849, 0.6928074955940247, 0.690482497215271, 0.7107700109481812, 0.7027000188827515, 0.709427535533905, 0.7096450328826904, 0.6932550668716431, 0.719260036945343, 0.732469916343689, 0.6766849756240845, 0.7156599760055542, 0.682497501373291, 0.7251449823379517, 0.7127600312232971, 0.7210599780082703, 0.7093549966812134, 0.7053300142288208, 0.7208499908447266, 0.7180324792861938, 0.7250574827194214, 0.7230575084686279, 0.716112494468689, 0.7254699468612671, 0.7196649312973022, 0.715642511844635, 0.7306824922561646, 0.7154475450515747, 0.7210949659347534, 0.7121675610542297, 0.6989800333976746, 0.7384225130081177, 0.683632493019104, 0.7287300229072571, 0.7207499742507935, 0.7155925035476685, 0.7172525525093079, 0.6876925230026245, 0.7219175100326538, 0.7306950092315674, 0.7115399837493896, 0.7286075353622437, 0.7102774977684021, 0.7195599675178528, 0.7123475074768066, 0.7196124792098999, 0.7100425362586975, 0.7218199968338013, 0.7352274656295776, 0.7091649770736694, 0.7238450050354004, 0.7243674397468567, 0.7188800573348999, 0.7262275218963623, 0.6733449697494507, 0.7064099907875061, 0.6923974752426147, 0.7278249859809875, 0.7159124612808228, 0.7261625528335571, 0.7275025248527527, 0.7421000003814697, 0.7085049748420715, 0.7333475351333618, 0.7229574918746948, 0.7395299673080444, 0.7289249300956726, 0.7219549417495728, 0.7350475192070007], "loss": [0.38416773080825806, 0.34064117074012756, 0.4287451207637787, 0.3338247537612915, 0.332486629486084, 0.3190980851650238, 0.2981359362602234, 0.28646034002304077, 0.28560569882392883, 0.28235703706741333, 0.27559131383895874, 0.2732740044593811, 0.27049973607063293, 0.26593121886253357, 0.2591199278831482, 0.2553849518299103, 0.25580912828445435, 0.2565467953681946, 0.25096777081489563, 0.24607393145561218, 0.24340391159057617, 0.24091625213623047, 0.23774667084217072, 0.2382737696170807, 0.2367417812347412, 0.23804116249084473, 0.2371174395084381, 0.23661145567893982, 0.23381586372852325, 0.2365519255399704, 0.24479463696479797, 0.24673381447792053, 0.2413599044084549, 0.23918256163597107, 0.23697292804718018, 0.23723025619983673, 0.23506231606006622, 0.23451748490333557, 0.2349957972764969, 0.2338203489780426, 0.2351062297821045, 0.23862013220787048, 0.23701603710651398, 0.2354985773563385, 0.23496083915233612, 0.23389819264411926, 0.2324131727218628, 0.23224440217018127, 0.2312195599079132, 0.23129351437091827, 0.2300272434949875, 0.22981753945350647, 0.2309461534023285, 0.22873421013355255, 0.22865739464759827, 0.23011164367198944, 0.22774481773376465, 0.22835342586040497, 0.22779187560081482, 0.2311241179704666, 0.22971872985363007, 0.2340610921382904, 0.2360544502735138, 0.2396024912595749, 0.23492996394634247, 0.2313189059495926, 0.23222514986991882, 0.2311839759349823, 0.23740079998970032, 0.2323627769947052, 0.23170118033885956, 0.23031501471996307, 0.22784164547920227, 0.2292172908782959, 0.22871749103069305, 0.23006431758403778, 0.2296735793352127, 0.22914233803749084, 0.2289300411939621, 0.22748465836048126, 0.22639229893684387, 0.2257123440504074, 0.22797398269176483, 0.226898193359375, 0.22815236449241638, 0.234426349401474, 0.2364199161529541, 0.2333919107913971, 0.23016826808452606, 0.22739696502685547, 0.2253103256225586, 0.22461673617362976, 0.22413842380046844, 0.2236337959766388, 0.22330012917518616, 0.22126002609729767, 0.22065885365009308, 0.220631405711174, 0.22404007613658905, 0.22522631287574768], "precision": [0.003352646017447114, 0.005102851428091526, 0.005118782632052898, 0.004381221253424883, 0.00435897521674633, 0.004610129166394472, 0.004998411051928997, 0.0053888061083853245, 0.0052144890651106834, 0.005284204613417387, 0.005657488480210304, 0.006334317848086357, 0.006570771336555481, 0.006668959744274616, 0.006721320562064648, 0.00750702852383256, 0.007757483050227165, 0.007131731137633324, 0.007301872596144676, 0.008274989202618599, 0.007811316289007664, 0.008201871998608112, 0.008880329318344593, 0.008510105311870575, 0.008219001814723015, 0.008155548945069313, 0.008758416399359703, 0.008673898875713348, 0.00883476808667183, 0.008413332514464855, 0.008080968633294106, 0.008698705583810806, 0.00825571734458208, 0.008257240988314152, 0.008646422997117043, 0.008528321981430054, 0.008715842850506306, 0.008713927119970322, 0.008379030041396618, 0.008914530277252197, 0.00914181862026453, 0.008126400411128998, 0.008836819790303707, 0.008112607523798943, 0.009050712920725346, 0.00878223218023777, 0.00901525653898716, 0.008680140599608421, 0.008628671988844872, 0.009008528664708138, 0.008979692123830318, 0.009162976406514645, 0.009079757146537304, 0.008979499340057373, 0.00918549858033657, 0.008944686502218246, 0.008921952918171883, 0.00926241371780634, 0.00894156564027071, 0.00895525049418211, 0.008798159658908844, 0.008448034524917603, 0.009217901155352592, 0.008118347264826298, 0.009133463725447655, 0.00899660773575306, 0.008851872757077217, 0.008920661173760891, 0.008144940249621868, 0.009016561321914196, 0.009217650629580021, 0.008787618018686771, 0.009237010031938553, 0.008732802234590054, 0.008958734571933746, 0.0088375024497509, 0.008977772668004036, 0.008734185248613358, 0.009083453565835953, 0.009346581995487213, 0.008783449418842793, 0.009184773080050945, 0.00908722821623087, 0.009006544947624207, 0.009166251868009567, 0.007924327626824379, 0.008577126078307629, 0.008379640057682991, 0.00906754657626152, 0.008938937447965145, 0.009190760552883148, 0.009289165027439594, 0.009640708565711975, 0.00888907816261053, 0.009445451200008392, 0.00919073261320591, 0.009555716067552567, 0.009337503463029861, 0.009157868102192879, 0.00939538236707449],